guruuu,guruuu2,2026-04-01 23:33:24.586989,Tic-Tac-Toe
guruuu2,guruuu,2026-04-01 23:33:41.802688,Tic-Tac-Toe
guruuu,guruuu2,2026-04-02 08:36:09.451246,Tic-Tac-Toe
guruuu2,guruuu,2026-04-02 09:17:25.165563,Othello
guruuu,guruuu2,2026-04-02 09:18:42.586926,Tic-Tac-Toe
guruuu2,guruuu,2026-04-02 09:21:20.408305,Tic-Tac-Toe
guruuu,guruuu2,2026-04-02 09:23:03.834425,Tic-Tac-Toe
guruuu,guruuu2,2026-04-02 09:23:48.833900,Tic-Tac-Toe
guruuu,guruuu2,2026-04-02 12:22:35.425628,Tic-Tac-Toe
guruuu,guruuu2,2026-04-02 12:26:50.676628,Tic-Tac-Toe
guruuu,guruuu2,2026-04-02 12:28:39.529726,Tic-Tac-Toe
guruuu,guruuu2,2026-04-02 13:57:17.277291,Tic-Tac-Toe
guruuu,guruuu2,2026-04-03 09:53:48.500795,Tic-Tac-Toe
guruuu,guruuu2,2026-04-03 09:54:17.137069,Tic-Tac-Toe
guruuuu,gururatna,2026-04-03 10:13:29.050084,Othello
